-- phpMyAdmin SQL Dump
-- version 4.5.1
-- http://www.phpmyadmin.net
--
-- Host: 127.0.0.1
-- Generation Time: Oct 13, 2017 at 09:57 AM
-- Server version: 10.1.9-MariaDB
-- PHP Version: 5.6.15

SET SQL_MODE = "NO_AUTO_VALUE_ON_ZERO";
SET time_zone = "+00:00";


/*!40101 SET @OLD_CHARACTER_SET_CLIENT=@@CHARACTER_SET_CLIENT */;
/*!40101 SET @OLD_CHARACTER_SET_RESULTS=@@CHARACTER_SET_RESULTS */;
/*!40101 SET @OLD_COLLATION_CONNECTION=@@COLLATION_CONNECTION */;
/*!40101 SET NAMES utf8mb4 */;

--
-- Database: `eloaddb`
--

-- --------------------------------------------------------

--
-- Table structure for table `tbl_loadamount`
--

CREATE TABLE `tbl_loadamount` (
  `loadAmountId` int(11) NOT NULL,
  `loadAmount` int(200) NOT NULL,
  `isActive` int(11) NOT NULL DEFAULT '1',
  `dateAdded` timestamp NOT NULL DEFAULT CURRENT_TIMESTAMP ON UPDATE CURRENT_TIMESTAMP
) ENGINE=InnoDB DEFAULT CHARSET=latin1;

--
-- Dumping data for table `tbl_loadamount`
--

INSERT INTO `tbl_loadamount` (`loadAmountId`, `loadAmount`, `isActive`, `dateAdded`) VALUES
(1, 30, 1, '2017-10-08 12:41:16'),
(2, 50, 1, '2017-10-08 12:41:16'),
(3, 100, 1, '2017-10-08 12:41:16'),
(4, 300, 1, '2017-10-08 12:41:16'),
(5, 500, 1, '2017-10-08 12:41:16'),
(6, 1000, 1, '2017-10-08 12:41:16'),
(7, 2000, 1, '2017-10-08 12:41:16'),
(8, 3000, 1, '2017-10-08 12:41:16'),
(9, 5000, 1, '2017-10-08 12:41:16'),
(10, 1234, 1, '2017-10-11 03:51:08'),
(11, 1, 0, '2017-10-11 03:49:24'),
(12, 5555, 0, '2017-10-11 03:54:59'),
(13, 2323, 0, '2017-10-11 03:56:15'),
(14, 32323, 0, '2017-10-11 03:58:06'),
(15, 3232, 0, '2017-10-11 04:00:28'),
(16, 3232, 0, '2017-10-11 04:04:36'),
(17, 323232, 0, '2017-10-11 04:07:16'),
(18, 32323, 1, '2017-10-11 04:07:24'),
(19, 32323, 0, '2017-10-11 04:11:14');

-- --------------------------------------------------------

--
-- Table structure for table `tbl_netprefix`
--

CREATE TABLE `tbl_netprefix` (
  `netprefixId` int(11) NOT NULL,
  `netprefix` int(100) NOT NULL,
  `networkId` int(11) NOT NULL,
  `isActive` int(11) NOT NULL DEFAULT '1',
  `dateAdded` datetime NOT NULL
) ENGINE=InnoDB DEFAULT CHARSET=latin1;

--
-- Dumping data for table `tbl_netprefix`
--

INSERT INTO `tbl_netprefix` (`netprefixId`, `netprefix`, `networkId`, `isActive`, `dateAdded`) VALUES
(1, 915, 1, 1, '2017-10-07 00:00:00'),
(2, 927, 1, 1, '2017-10-07 00:00:00'),
(3, 995, 1, 1, '2017-10-07 00:00:00'),
(4, 917, 1, 1, '2017-10-07 00:00:00'),
(5, 935, 1, 1, '2017-10-07 00:00:00'),
(6, 817, 1, 1, '2017-10-07 00:00:00'),
(7, 945, 1, 1, '2017-10-07 00:00:00'),
(8, 936, 1, 1, '2017-10-07 00:00:00'),
(9, 905, 1, 1, '2017-10-07 00:00:00'),
(10, 955, 1, 1, '2017-10-07 00:00:00'),
(11, 976, 1, 1, '2017-10-07 00:00:00'),
(12, 906, 1, 1, '2017-10-07 00:00:00'),
(13, 956, 1, 1, '2017-10-07 00:00:00'),
(14, 997, 1, 1, '2017-10-07 00:00:00'),
(15, 916, 1, 1, '2017-10-07 00:00:00'),
(16, 994, 1, 1, '2017-10-07 00:00:00'),
(17, 975, 1, 1, '2017-10-07 00:00:00'),
(18, 926, 1, 1, '2017-10-07 00:00:00'),
(19, 938, 2, 1, '2017-10-07 00:00:00'),
(20, 919, 2, 1, '2017-10-07 00:00:00'),
(21, 813, 2, 1, '2017-10-07 00:00:00'),
(22, 913, 2, 1, '2017-10-07 00:00:00'),
(23, 939, 2, 1, '2017-10-07 00:00:00'),
(24, 921, 2, 1, '2017-10-07 00:00:00'),
(25, 981, 2, 1, '2017-10-07 00:00:00'),
(26, 907, 2, 1, '2017-10-07 00:00:00'),
(27, 914, 2, 1, '2017-10-07 00:00:00'),
(28, 998, 2, 1, '2017-10-07 00:00:00'),
(29, 940, 2, 1, '2017-10-07 00:00:00'),
(30, 929, 2, 1, '2017-10-07 00:00:00'),
(31, 908, 2, 1, '2017-10-07 00:00:00'),
(32, 918, 2, 1, '2017-10-07 00:00:00'),
(33, 999, 2, 1, '2017-10-07 00:00:00'),
(34, 946, 2, 1, '2017-10-07 00:00:00'),
(35, 989, 2, 1, '2017-10-07 00:00:00'),
(36, 909, 2, 1, '2017-10-07 00:00:00'),
(37, 928, 2, 1, '2017-10-07 00:00:00'),
(38, 951, 2, 1, '2017-10-07 00:00:00'),
(39, 948, 2, 1, '2017-10-07 00:00:00'),
(40, 920, 2, 1, '2017-10-07 00:00:00'),
(41, 910, 2, 1, '2017-10-07 00:00:00'),
(42, 947, 2, 1, '2017-10-07 00:00:00'),
(43, 912, 2, 1, '2017-10-07 00:00:00'),
(44, 950, 2, 1, '2017-10-07 00:00:00'),
(45, 930, 2, 1, '2017-10-07 00:00:00'),
(46, 911, 2, 1, '2017-10-07 00:00:00'),
(47, 949, 2, 1, '2017-10-07 00:00:00'),
(48, 970, 2, 1, '2017-10-07 00:00:00'),
(49, 992, 2, 1, '2017-10-07 00:00:00'),
(50, 934, 3, 1, '2017-10-07 00:00:00'),
(51, 922, 3, 1, '2017-10-07 00:00:00'),
(52, 941, 3, 1, '2017-10-07 00:00:00'),
(53, 923, 3, 1, '2017-10-07 00:00:00'),
(54, 942, 3, 1, '2017-10-07 00:00:00'),
(55, 924, 3, 1, '2017-10-07 00:00:00'),
(56, 943, 3, 1, '2017-10-07 00:00:00'),
(57, 931, 3, 1, '2017-10-07 00:00:00'),
(58, 944, 3, 1, '2017-10-07 00:00:00'),
(59, 932, 3, 1, '2017-10-07 00:00:00'),
(60, 925, 3, 1, '2017-10-07 00:00:00'),
(61, 933, 3, 1, '2017-10-07 00:00:00'),
(62, 977, 4, 1, '2017-10-07 00:00:00'),
(63, 978, 4, 1, '2017-10-07 00:00:00'),
(64, 979, 4, 1, '2017-10-07 00:00:00'),
(65, 996, 5, 1, '2017-10-07 00:00:00'),
(66, 937, 6, 1, '2017-10-07 00:00:00'),
(67, 973, 7, 1, '2017-10-07 00:00:00'),
(68, 444, 2, 0, '2017-10-11 13:25:26');

-- --------------------------------------------------------

--
-- Table structure for table `tbl_network`
--

CREATE TABLE `tbl_network` (
  `networkId` int(11) NOT NULL,
  `netName` varchar(200) NOT NULL,
  `netIsActive` int(11) NOT NULL DEFAULT '1',
  `netDateAdded` timestamp NOT NULL DEFAULT CURRENT_TIMESTAMP ON UPDATE CURRENT_TIMESTAMP
) ENGINE=InnoDB DEFAULT CHARSET=latin1;

--
-- Dumping data for table `tbl_network`
--

INSERT INTO `tbl_network` (`networkId`, `netName`, `netIsActive`, `netDateAdded`) VALUES
(1, 'Globe/TM', 1, '2017-10-08 05:43:42'),
(2, 'Smart/Talk ''N Text', 1, '2017-10-08 05:43:55'),
(3, 'Sun Cellular', 1, '2017-10-08 05:44:07'),
(4, 'Next Mobile', 1, '2017-10-08 05:44:17'),
(5, 'Cherry Mobile', 1, '2017-10-11 02:55:54'),
(6, 'ABS-CBN Mobile', 1, '2017-10-08 05:44:26'),
(7, 'Extelcom', 1, '2017-10-13 07:53:45'),
(8, 'test network123', 0, '2017-10-11 02:48:17'),
(9, 'Test net', 0, '2017-10-11 02:48:01'),
(10, 'Test net haha', 0, '2017-10-11 02:48:39'),
(11, 'test', 0, '2017-10-13 07:53:57');

-- --------------------------------------------------------

--
-- Table structure for table `tbl_payment`
--

CREATE TABLE `tbl_payment` (
  `paymentId` int(11) NOT NULL,
  `mobileno` varchar(200) NOT NULL,
  `senderUserId` int(11) NOT NULL,
  `loadAmount` int(200) NOT NULL,
  `networkId` int(11) NOT NULL,
  `paymentStatus` int(11) NOT NULL COMMENT '1 = pending | 2 = completed',
  `paymentDate` datetime NOT NULL,
  `completeDate` datetime NOT NULL
) ENGINE=InnoDB DEFAULT CHARSET=latin1;

--
-- Dumping data for table `tbl_payment`
--

INSERT INTO `tbl_payment` (`paymentId`, `mobileno`, `senderUserId`, `loadAmount`, `networkId`, `paymentStatus`, `paymentDate`, `completeDate`) VALUES
(1, '9151234567', 10, 1, 1, 1, '2017-10-09 15:44:03', '2017-10-10 15:45:14'),
(2, '9151234567', 10, 1000, 1, 1, '2017-10-09 15:52:15', '2017-10-10 15:45:08'),
(3, '9151234567', 10, 100, 1, 1, '2017-10-10 11:23:14', '2017-10-10 15:45:03'),
(4, '9151234567', 11, 3000, 1, 2, '2017-10-10 12:05:55', '2017-10-12 11:24:33'),
(5, '9151234567', 10, 10001, 1, 1, '2017-10-12 00:00:00', '0000-00-00 00:00:00'),
(6, '9151234567', 10, 10002, 1, 1, '2017-10-12 00:00:00', '0000-00-00 00:00:00'),
(7, '9151234567', 10, 10003, 1, 1, '2017-10-12 00:00:00', '0000-00-00 00:00:00'),
(8, '9151234567', 10, 10004, 1, 1, '2017-10-12 00:00:00', '0000-00-00 00:00:00'),
(9, '9151234567', 10, 10005, 1, 1, '2017-10-12 00:00:00', '0000-00-00 00:00:00'),
(10, '9151234567', 10, 10006, 1, 1, '2017-10-12 00:00:00', '0000-00-00 00:00:00'),
(11, '9151234567', 1, 10007, 1, 1, '2017-10-12 00:00:00', '0000-00-00 00:00:00'),
(12, '9151234567', 1, 10008, 1, 1, '2017-10-12 00:00:00', '0000-00-00 00:00:00'),
(13, '9151234567', 1, 10009, 1, 1, '2017-10-12 00:00:00', '0000-00-00 00:00:00'),
(14, '9151234567', 1, 100010, 1, 1, '2017-10-12 00:00:00', '0000-00-00 00:00:00'),
(15, '9151234567', 1, 100011, 1, 1, '2017-10-12 00:00:00', '0000-00-00 00:00:00'),
(16, '9151234567', 1, 100012, 1, 1, '2017-10-12 00:00:00', '0000-00-00 00:00:00'),
(17, '9151234567', 1, 100013, 1, 1, '2017-10-12 00:00:00', '0000-00-00 00:00:00'),
(18, '9151234567', 1, 100014, 1, 1, '2017-10-12 00:00:00', '0000-00-00 00:00:00'),
(19, '9151234567', 1, 100015, 1, 1, '2017-10-12 00:00:00', '0000-00-00 00:00:00'),
(20, '9151234567', 1, 100016, 1, 1, '2017-10-12 00:00:00', '0000-00-00 00:00:00'),
(21, '9151234567', 1, 100017, 1, 1, '2017-10-12 00:00:00', '0000-00-00 00:00:00'),
(22, '9151234567', 1, 100018, 1, 1, '2017-10-12 00:00:00', '0000-00-00 00:00:00'),
(23, '9151234567', 1, 100019, 1, 1, '2017-10-12 00:00:00', '0000-00-00 00:00:00'),
(24, '9151234567', 1, 100020, 1, 1, '2017-10-12 00:00:00', '0000-00-00 00:00:00'),
(25, '9151234567', 1, 100021, 1, 1, '2017-10-12 00:00:00', '0000-00-00 00:00:00'),
(26, '9151234567', 1, 100022, 1, 1, '2017-10-12 00:00:00', '0000-00-00 00:00:00'),
(27, '9151234567', 1, 100023, 1, 1, '2017-10-12 00:00:00', '0000-00-00 00:00:00'),
(28, '9151234567', 1, 100024, 1, 1, '2017-10-12 00:00:00', '0000-00-00 00:00:00'),
(29, '9151234567', 1, 100025, 1, 1, '2017-10-12 00:00:00', '0000-00-00 00:00:00'),
(30, '9151234567', 1, 100026, 1, 1, '2017-10-12 00:00:00', '0000-00-00 00:00:00'),
(31, '9151234567', 1, 100027, 1, 1, '2017-10-12 00:00:00', '0000-00-00 00:00:00'),
(32, '9151234567', 1, 100028, 1, 1, '2017-10-12 00:00:00', '0000-00-00 00:00:00'),
(33, '9151234567', 1, 100029, 1, 1, '2017-10-12 00:00:00', '0000-00-00 00:00:00'),
(34, '9151234567', 1, 100030, 1, 1, '2017-10-12 00:00:00', '0000-00-00 00:00:00'),
(35, '9151234567', 1, 100031, 1, 1, '2017-10-12 00:00:00', '0000-00-00 00:00:00'),
(36, '9151234567', 1, 100032, 1, 1, '2017-10-12 00:00:00', '0000-00-00 00:00:00'),
(37, '9151234567', 1, 100033, 1, 1, '2017-10-12 00:00:00', '0000-00-00 00:00:00'),
(38, '9151234567', 1, 100034, 1, 2, '2017-10-12 00:00:00', '2017-10-13 15:52:40'),
(39, '9151234567', 1, 100035, 1, 2, '2017-10-12 00:00:00', '2017-10-12 16:19:34'),
(40, '	\r\n9151234567\r\n', 10, 50055, 3, 2, '0000-00-00 00:00:00', '2017-10-13 00:00:00'),
(41, '	\r\n9151234567\r\n', 10, 500154, 3, 2, '2017-10-13 00:00:00', '2017-10-14 00:00:00'),
(42, '	\r\n9151234567\r\n', 10, 500153, 3, 2, '2017-10-13 00:00:00', '2017-10-14 00:00:00'),
(43, '	\r\n9151234567\r\n', 10, 500152, 3, 2, '2017-10-13 00:00:00', '2017-10-14 00:00:00'),
(44, '	\r\n9151234567\r\n', 10, 500151, 3, 2, '2017-10-13 00:00:00', '2017-10-14 00:00:00'),
(45, '	\r\n9151234567\r\n', 10, 500150, 3, 2, '2017-10-13 00:00:00', '2017-10-14 00:00:00'),
(46, '	\r\n9151234567\r\n', 10, 500149, 3, 2, '2017-10-13 00:00:00', '2017-10-14 00:00:00'),
(47, '	\r\n9151234567\r\n', 10, 500148, 3, 2, '2017-10-13 00:00:00', '2017-10-14 00:00:00'),
(48, '	\r\n9151234567\r\n', 10, 500147, 3, 2, '2017-10-13 00:00:00', '2017-10-14 00:00:00'),
(49, '	\r\n9151234567\r\n', 10, 500146, 3, 2, '2017-10-13 00:00:00', '2017-10-14 00:00:00'),
(50, '	\r\n9151234567\r\n', 10, 500145, 3, 2, '2017-10-13 00:00:00', '2017-10-14 00:00:00'),
(51, '	\r\n9151234567\r\n', 10, 500144, 3, 2, '2017-10-13 00:00:00', '2017-10-14 00:00:00'),
(52, '	\r\n9151234567\r\n', 10, 500143, 3, 2, '2017-10-13 00:00:00', '2017-10-14 00:00:00'),
(53, '	\r\n9151234567\r\n', 10, 500142, 3, 2, '2017-10-13 00:00:00', '2017-10-14 00:00:00'),
(54, '	\r\n9151234567\r\n', 10, 500141, 3, 2, '2017-10-13 00:00:00', '2017-10-14 00:00:00'),
(55, '	\r\n9151234567\r\n', 10, 500139, 3, 2, '2017-10-13 00:00:00', '2017-10-14 00:00:00'),
(56, '	\r\n9151234567\r\n', 10, 500138, 3, 2, '2017-10-13 00:00:00', '2017-10-14 00:00:00'),
(57, '	\r\n9151234567\r\n', 10, 500137, 3, 2, '2017-10-13 00:00:00', '2017-10-14 00:00:00'),
(58, '	\r\n9151234567\r\n', 10, 500136, 3, 2, '2017-10-13 00:00:00', '2017-10-14 00:00:00'),
(59, '	\r\n9151234567\r\n', 10, 500135, 3, 2, '2017-10-13 00:00:00', '2017-10-14 00:00:00'),
(60, '	\r\n9151234567\r\n', 10, 500134, 3, 2, '2017-10-13 00:00:00', '2017-10-14 00:00:00'),
(61, '	\r\n9151234567\r\n', 10, 500133, 3, 2, '2017-10-13 00:00:00', '2017-10-14 00:00:00'),
(62, '	\r\n9151234567\r\n', 10, 500132, 3, 2, '2017-10-13 00:00:00', '2017-10-14 00:00:00'),
(63, '	\r\n9151234567\r\n', 10, 5001, 3, 2, '2017-10-13 00:00:00', '2017-10-14 00:00:00'),
(64, '	\r\n9151234567\r\n', 10, 500131, 3, 2, '2017-10-13 00:00:00', '2017-10-14 00:00:00'),
(65, '	\r\n9151234567\r\n', 10, 500130, 3, 2, '2017-10-13 00:00:00', '2017-10-14 00:00:00'),
(66, '	\r\n9151234567\r\n', 10, 500129, 3, 2, '2017-10-13 00:00:00', '2017-10-14 00:00:00'),
(67, '	\r\n9151234567\r\n', 10, 500128, 3, 2, '2017-10-13 00:00:00', '2017-10-14 00:00:00'),
(68, '	\r\n9151234567\r\n', 10, 500127, 3, 2, '2017-10-13 00:00:00', '2017-10-14 00:00:00'),
(69, '	\r\n9151234567\r\n', 10, 500126, 3, 2, '2017-10-13 00:00:00', '2017-10-14 00:00:00'),
(70, '	\r\n9151234567\r\n', 10, 500125, 3, 2, '2017-10-13 00:00:00', '2017-10-14 00:00:00'),
(71, '	\r\n9151234567\r\n', 10, 500124, 3, 2, '2017-10-13 00:00:00', '2017-10-14 00:00:00'),
(72, '	\r\n9151234567\r\n', 10, 500123, 3, 2, '2017-10-13 00:00:00', '2017-10-14 00:00:00'),
(73, '	\r\n9151234567\r\n', 10, 500122, 3, 2, '2017-10-13 00:00:00', '2017-10-14 00:00:00'),
(74, '	\r\n9151234567\r\n', 10, 50016, 4, 2, '2017-10-13 00:00:00', '2017-10-14 00:00:00'),
(75, '	\r\n9151234567\r\n', 10, 50015, 4, 2, '2017-10-13 00:00:00', '2017-10-14 00:00:00'),
(76, '	\r\n9151234567\r\n', 10, 500114, 4, 2, '2017-10-13 00:00:00', '2017-10-14 00:00:00'),
(77, '	\r\n9151234567\r\n', 10, 500113, 4, 2, '2017-10-13 00:00:00', '2017-10-14 00:00:00'),
(78, '	\r\n9151234567\r\n', 10, 500112, 4, 2, '2017-10-13 00:00:00', '2017-10-14 00:00:00'),
(79, '	\r\n9151234567\r\n', 10, 50019, 4, 2, '2017-10-13 00:00:00', '2017-10-14 00:00:00'),
(80, '	\r\n9151234567\r\n', 10, 50018, 4, 2, '2017-10-13 00:00:00', '2017-10-14 00:00:00'),
(81, '	\r\n9151234567\r\n', 10, 50017, 4, 2, '2017-10-13 00:00:00', '2017-10-14 00:00:00'),
(82, '	\r\n9151234567\r\n', 10, 50016, 4, 2, '2017-10-13 00:00:00', '2017-10-14 00:00:00'),
(83, '	\r\n9151234567\r\n', 10, 50015, 4, 2, '2017-10-13 00:00:00', '2017-10-14 00:00:00'),
(84, '	\r\n9151234567\r\n', 10, 50014, 4, 2, '2017-10-13 00:00:00', '2017-10-14 00:00:00'),
(85, '	\r\n9151234567\r\n', 10, 50013, 4, 2, '2017-10-13 00:00:00', '2017-10-14 00:00:00'),
(86, '	\r\n9151234567\r\n', 10, 50012, 4, 2, '2017-10-13 00:00:00', '2017-10-14 00:00:00'),
(87, '	\r\n9151234567\r\n', 10, 50011, 4, 2, '2017-10-13 00:00:00', '2017-10-14 00:00:00');

-- --------------------------------------------------------

--
-- Table structure for table `tbl_user`
--

CREATE TABLE `tbl_user` (
  `userId` int(11) NOT NULL,
  `email` varchar(100) NOT NULL,
  `password` varchar(100) NOT NULL,
  `firstname` varchar(100) NOT NULL,
  `lastname` varchar(100) NOT NULL,
  `mobile` varchar(200) NOT NULL,
  `address` varchar(200) NOT NULL,
  `positionId` int(11) NOT NULL COMMENT '1 = admin | 2  = user',
  `isActive` int(11) NOT NULL DEFAULT '1',
  `dateAdded` datetime NOT NULL
) ENGINE=InnoDB DEFAULT CHARSET=latin1;

--
-- Dumping data for table `tbl_user`
--

INSERT INTO `tbl_user` (`userId`, `email`, `password`, `firstname`, `lastname`, `mobile`, `address`, `positionId`, `isActive`, `dateAdded`) VALUES
(1, 'dominicksanchez30@gmail.com', 'pass123', 'Dominick ', 'Sanchez', '09123456789', 'Ortigas Pasig city', 2, 1, '2017-10-07 00:00:00'),
(10, 'josh@gmail.com', 'pass123', 'Joshua', 'Sanchez', '09123456789', 'Ortigas Pasig City', 2, 1, '2017-10-08 15:33:11'),
(11, 'waynejanus9@gmai.com', 'pass123', 'wayne', 'janus', '09123456789', 'Makati city', 2, 1, '2017-10-10 12:00:40'),
(12, 'admin@gmail.com', 'pass123', 'James', 'Steve', '09123456789', 'Quezon city', 1, 1, '2017-10-10 00:00:00'),
(13, 'test1@gmail.com', 'pass123', 'Luffy', 'D', '09123456789', 'Sample address', 1, 1, '2017-10-12 00:00:00'),
(14, 'test1@gmail.com', 'pass123', 'Luffy', 'D', '09123456789', 'Sample address', 1, 1, '2017-10-12 00:00:00'),
(15, 'test1@gmail.com', 'pass123', 'Luffy', 'D', '09123456789', 'Sample address', 1, 1, '2017-10-12 00:00:00'),
(16, 'test1@gmail.com', 'pass123', 'Luffy', 'D', '09123456789', 'Sample address', 1, 1, '2017-10-12 00:00:00'),
(17, 'test1@gmail.com', 'pass123', 'Luffy', 'D', '09123456789', 'Sample address', 1, 1, '2017-10-12 00:00:00'),
(18, 'test1@gmail.com', 'pass123', 'Luffy', 'D', '09123456789', 'Sample address', 1, 1, '2017-10-12 00:00:00'),
(19, 'test1@gmail.com', 'pass123', 'Luffy', 'D', '09123456789', 'Sample address', 1, 1, '2017-10-12 00:00:00'),
(20, 'test1@gmail.com', 'pass123', 'Luffy', 'D', '09123456789', 'Sample address', 1, 1, '2017-10-12 00:00:00'),
(21, 'test1@gmail.com', 'pass123', 'Luffy', 'D', '09123456789', 'Sample address', 1, 1, '2017-10-12 00:00:00'),
(22, 'test1@gmail.com', 'pass123', 'Luffy', 'D', '09123456789', 'Sample address', 1, 1, '2017-10-12 00:00:00'),
(23, 'test1@gmail.com', 'pass123', 'Luffy', 'D', '09123456789', 'Sample address', 1, 1, '2017-10-12 00:00:00'),
(24, 'test1@gmail.com', 'pass123', 'Luffy', 'D', '09123456789', 'Sample address', 1, 1, '2017-10-12 00:00:00'),
(25, 'test1@gmail.com', 'pass123', 'Luffy', 'D', '09123456789', 'Sample address', 1, 1, '2017-10-12 00:00:00'),
(26, 'test1@gmail.com', 'pass123', 'Luffy', 'D', '09123456789', 'Sample address', 1, 1, '2017-10-12 00:00:00'),
(27, 'test1@gmail.com', 'pass123', 'Luffy', 'D', '09123456789', 'Sample address', 1, 1, '2017-10-12 00:00:00'),
(28, 'test1@gmail.com', 'pass123', 'Luffy', 'D', '09123456789', 'Sample address', 1, 1, '2017-10-12 00:00:00'),
(29, 'test1@gmail.com', 'pass123', 'Luffy', 'D', '09123456789', 'Sample address', 1, 1, '2017-10-12 00:00:00'),
(30, 'test1@gmail.com', 'pass123', 'Luffy', 'D', '09123456789', 'Sample address', 1, 1, '2017-10-12 00:00:00'),
(31, 'test1@gmail.com', 'pass123', 'Luffy', 'D', '09123456789', 'Sample address', 1, 1, '2017-10-12 00:00:00'),
(32, 'test1@gmail.com', 'pass123', 'Luffy', 'D', '09123456789', 'Sample address', 1, 1, '2017-10-12 00:00:00'),
(33, 'test1@gmail.com', 'pass123', 'Luffy', 'D', '09123456789', 'Sample address', 1, 1, '2017-10-12 00:00:00'),
(34, 'test1@gmail.com', 'pass123', 'Luffy', 'D', '09123456789', 'Sample address', 1, 1, '2017-10-12 00:00:00'),
(35, 'test1@gmail.com', 'pass123', 'Luffy', 'D', '09123456789', 'Sample address', 1, 1, '2017-10-12 00:00:00'),
(36, 'test1@gmail.com', 'pass123', 'Luffy', 'D', '09123456789', 'Sample address', 1, 1, '2017-10-12 00:00:00'),
(37, 'test1@gmail.com', 'pass123', 'Luffy', 'D', '09123456789', 'Sample address', 1, 1, '2017-10-12 00:00:00'),
(38, 'test1@gmail.com', 'pass123', 'Luffy', 'D', '09123456789', 'Sample address', 1, 1, '2017-10-12 00:00:00'),
(39, 'test1@gmail.com', 'pass123', 'Luffy', 'D', '09123456789', 'Sample address', 1, 1, '2017-10-12 00:00:00'),
(40, 'test1@gmail.com', 'pass123', 'Luffy', 'D', '09123456789', 'Sample address', 1, 1, '2017-10-12 00:00:00'),
(41, 'test1@gmail.com', 'pass123', 'Luffy', 'D', '09123456789', 'Sample address', 1, 1, '2017-10-12 00:00:00'),
(42, 'test1@gmail.com', 'pass123', 'Luffy', 'D', '09123456789', 'Sample address', 1, 1, '2017-10-12 00:00:00'),
(43, 'test1@gmail.com', 'pass123', 'Luffy', 'D', '09123456789', 'Sample address', 1, 1, '2017-10-12 00:00:00'),
(44, 'test1@gmail.com', 'pass123', 'Luffy', 'D', '09123456789', 'Sample address', 1, 1, '2017-10-12 00:00:00');

--
-- Indexes for dumped tables
--

--
-- Indexes for table `tbl_loadamount`
--
ALTER TABLE `tbl_loadamount`
  ADD PRIMARY KEY (`loadAmountId`);

--
-- Indexes for table `tbl_netprefix`
--
ALTER TABLE `tbl_netprefix`
  ADD PRIMARY KEY (`netprefixId`);

--
-- Indexes for table `tbl_network`
--
ALTER TABLE `tbl_network`
  ADD PRIMARY KEY (`networkId`);

--
-- Indexes for table `tbl_payment`
--
ALTER TABLE `tbl_payment`
  ADD PRIMARY KEY (`paymentId`);

--
-- Indexes for table `tbl_user`
--
ALTER TABLE `tbl_user`
  ADD PRIMARY KEY (`userId`);

--
-- AUTO_INCREMENT for dumped tables
--

--
-- AUTO_INCREMENT for table `tbl_loadamount`
--
ALTER TABLE `tbl_loadamount`
  MODIFY `loadAmountId` int(11) NOT NULL AUTO_INCREMENT, AUTO_INCREMENT=20;
--
-- AUTO_INCREMENT for table `tbl_netprefix`
--
ALTER TABLE `tbl_netprefix`
  MODIFY `netprefixId` int(11) NOT NULL AUTO_INCREMENT, AUTO_INCREMENT=69;
--
-- AUTO_INCREMENT for table `tbl_network`
--
ALTER TABLE `tbl_network`
  MODIFY `networkId` int(11) NOT NULL AUTO_INCREMENT, AUTO_INCREMENT=12;
--
-- AUTO_INCREMENT for table `tbl_payment`
--
ALTER TABLE `tbl_payment`
  MODIFY `paymentId` int(11) NOT NULL AUTO_INCREMENT, AUTO_INCREMENT=88;
--
-- AUTO_INCREMENT for table `tbl_user`
--
ALTER TABLE `tbl_user`
  MODIFY `userId` int(11) NOT NULL AUTO_INCREMENT, AUTO_INCREMENT=45;
/*!40101 SET CHARACTER_SET_CLIENT=@OLD_CHARACTER_SET_CLIENT */;
/*!40101 SET CHARACTER_SET_RESULTS=@OLD_CHARACTER_SET_RESULTS */;
/*!40101 SET COLLATION_CONNECTION=@OLD_COLLATION_CONNECTION */;
